Unnamed: 0,Date,Prediction,Actual,Current_Time,predictionAdjusted,actualAdjusted,predictionDiff,actualDiff
5,2024-03-11,2384.840087890625,2479.360107421875,,2290.86962890625,2504.800048828125,-93.970458984375,25.43994140625
6,2024-03-12,2426.92236328125,2521.909912109375,,2422.402099609375,2514.919921875,-4.520263671875,-6.989990234375
7,2024-03-13,2480.732666015625,2527.4599609375,,2352.8837890625,2510.43994140625,-127.848876953125,-17.02001953125
8,2024-03-14,2432.67724609375,2527.85009765625,,2341.210693359375,2550.5,-91.466552734375,22.64990234375
9,2024-03-15,2434.56787109375,2533.6201171875,,2362.6962890625,2534.340087890625,-71.87158203125,0.719970703125
10,2024-03-18,2446.224609375,2504.800048828125,,2384.840087890625,2526.070068359375,-61.384521484375,21.27001953125
11,2024-03-19,2501.104736328125,2514.919921875,,2426.92236328125,2547.969970703125,-74.182373046875,33.050048828125
12,2024-03-20,2471.739013671875,2510.43994140625,,2480.732666015625,2537.3701171875,8.99365234375,26.93017578125
13,2024-03-21,2486.800537109375,2550.5,,2432.67724609375,2518.27001953125,-54.123291015625,-32.22998046875
14,2024-03-22,2419.045166015625,2534.340087890625,,2434.56787109375,2508.64990234375,15.522705078125,-25.690185546875
15,2024-03-25,2450.99462890625,2526.070068359375,,2446.224609375,2513.52001953125,-4.77001953125,-12.550048828125
16,2024-03-26,2504.8095703125,2547.969970703125,,2501.104736328125,2521.860107421875,-3.704833984375,-26.10986328125
17,2024-03-27,2540.309814453125,2537.3701171875,,2471.739013671875,2504.800048828125,-68.57080078125,-32.570068359375
18,2024-03-28,2541.86669921875,2518.27001953125,,2486.800537109375,2522.360107421875,-55.066162109375,4.090087890625
21,2024-04-02,2468.517333984375,2508.64990234375,,2419.045166015625,2513.5,-49.47216796875,4.85009765625
22,2024-04-03,2474.96728515625,2513.52001953125,,2450.99462890625,2519.050048828125,-23.97265625,5.530029296875
23,2024-04-04,2523.448486328125,2521.860107421875,,2504.8095703125,2499.699951171875,-18.638916015625,-22.16015625
24,2024-04-05,2526.49609375,2504.800048828125,,2540.309814453125,2506.989990234375,13.813720703125,2.18994140625
25,2024-04-08,2521.119384765625,2522.360107421875,,2541.86669921875,2523.39990234375,20.747314453125,1.039794921875
26,2024-04-09,2540.607421875,2513.5,,2468.517333984375,2491.760009765625,-72.090087890625,-21.739990234375
27,2024-04-10,2529.256103515625,2519.050048828125,,2474.96728515625,2505.27001953125,-54.288818359375,-13.780029296875
28,2024-04-11,2509.8525390625,2499.699951171875,,2523.448486328125,2517.68994140625,13.595947265625,17.989990234375
29,2024-04-12,2488.837646484375,2506.989990234375,,2526.49609375,2502.070068359375,37.658447265625,-4.919921875
30,2024-04-15,2506.277099609375,2523.39990234375,,2521.119384765625,2511.409912109375,14.84228515625,-11.989990234375
31,2024-04-16,2496.4453125,2491.760009765625,,2540.607421875,2546.330078125,44.162109375,54.570068359375
32,2024-04-17,2500.565185546875,2505.27001953125,,2529.256103515625,2543.2099609375,28.69091796875,37.93994140625
33,2024-04-18,2529.775390625,2517.68994140625,,2509.8525390625,2525.39990234375,-19.9228515625,7.7099609375
34,2024-04-19,2510.40234375,2502.070068359375,,2488.837646484375,2557.699951171875,-21.564697265625,55.6298828125
35,2024-04-22,2517.95703125,2511.409912109375,,2506.277099609375,2566.81005859375,-11.679931640625,55.400146484375
36,2024-04-23,2534.97802734375,2546.330078125,,2496.4453125,2556.39990234375,-38.53271484375,10.06982421875
37,2024-04-24,2502.867431640625,2543.2099609375,,2500.565185546875,2525.2099609375,-2.30224609375,-18.0
38,2024-04-25,2530.408447265625,2525.39990234375,,2529.775390625,2540.080078125,-0.633056640625,14.68017578125
39,2024-04-26,2506.15625,2557.699951171875,,2510.40234375,2563.7900390625,4.24609375,6.090087890625
40,2024-04-29,2464.16455078125,2566.81005859375,,2517.95703125,2593.169921875,53.79248046875,26.35986328125
41,2024-04-30,2542.394775390625,2556.39990234375,,2534.97802734375,2589.10009765625,-7.416748046875,32.7001953125
43,2024-05-02,2552.12109375,2525.2099609375,,2502.867431640625,2627.8701171875,-49.253662109375,102.66015625
44,2024-05-03,2538.85009765625,2540.080078125,,2530.408447265625,2624.760009765625,-8.441650390625,84.679931640625
45,2024-05-06,2534.259033203125,2563.7900390625,,2506.15625,2632.85009765625,-28.102783203125,69.06005859375
46,2024-05-07,2558.83740234375,2593.169921875,,2464.16455078125,2627.52001953125,-94.6728515625,34.35009765625
47,2024-05-08,2571.333251953125,2589.10009765625,,2542.394775390625,2608.820068359375,-28.9384765625,19.719970703125
49,2024-05-10,2547.657470703125,2627.8701171875,,2552.12109375,2602.199951171875,4.463623046875,-25.670166015625
50,2024-05-13,2611.694091796875,2624.760009765625,,2538.85009765625,2632.169921875,-72.843994140625,7.409912109375
51,2024-05-14,2617.640625,2632.85009765625,,2534.259033203125,2631.489990234375,-83.381591796875,-1.360107421875
52,2024-05-15,2575.984619140625,2627.52001953125,,2558.83740234375,2634.510009765625,-17.147216796875,6.989990234375
53,2024-05-16,2606.223876953125,2608.820068359375,,2571.333251953125,2641.469970703125,-34.890625,32.64990234375
54,2024-05-17,2532.14892578125,2602.199951171875,,2547.657470703125,2624.5,15.508544921875,22.300048828125
55,2024-05-20,2588.669189453125,2632.169921875,,2611.694091796875,2630.300048828125,23.02490234375,-1.869873046875
56,2024-05-21,2536.0849609375,2631.489990234375,,2617.640625,2616.2900390625,81.5556640625,-15.199951171875
57,2024-05-22,2587.4111328125,2634.510009765625,,2575.984619140625,2583.5,-11.426513671875,-51.010009765625
58,2024-05-23,2585.180419921875,2641.469970703125,,2606.223876953125,2593.070068359375,21.04345703125,-48.39990234375
59,2024-05-24,2626.88330078125,2624.5,,2532.14892578125,2604.10009765625,-94.734375,-20.39990234375
60,2024-05-27,2619.0205078125,2630.300048828125,,2588.669189453125,2612.02001953125,-30.351318359375,-18.280029296875
61,2024-05-28,2625.076171875,2616.2900390625,,2536.0849609375,2587.699951171875,-88.9912109375,-28.590087890625
62,2024-05-29,2615.86083984375,2583.5,,2587.4111328125,2609.719970703125,-28.44970703125,26.219970703125
63,2024-05-30,2564.061279296875,2593.070068359375,,2585.180419921875,2623.590087890625,21.119140625,30.52001953125
64,2024-05-31,2553.20947265625,2604.10009765625,,2626.88330078125,2600.719970703125,73.673828125,-3.380126953125
65,2024-06-03,2582.1826171875,2612.02001953125,,2619.0205078125,2586.9599609375,36.837890625,-25.06005859375
66,2024-06-04,2620.9375,2587.699951171875,,2625.076171875,2627.1201171875,4.138671875,39.420166015625
67,2024-06-05,2598.283935546875,2609.719970703125,,2615.86083984375,2587.110107421875,17.576904296875,-22.60986328125
69,2024-06-07,2585.9541015625,2623.590087890625,,2564.061279296875,2561.60009765625,-21.892822265625,-61.989990234375
70,2024-06-10,2584.968505859375,2600.719970703125,,2553.20947265625,2558.510009765625,-31.759033203125,-42.2099609375
71,2024-06-11,2579.69140625,2586.9599609375,,2582.1826171875,2566.489990234375,2.4912109375,-20.469970703125
72,2024-06-12,2615.510986328125,2627.1201171875,,2620.9375,2554.2099609375,5.426513671875,-72.91015625
73,2024-06-13,2615.76171875,2587.110107421875,,2598.283935546875,2573.77001953125,-17.477783203125,-13.340087890625
74,2024-06-14,2583.367431640625,2561.60009765625,,2585.9541015625,2594.5400390625,2.586669921875,32.93994140625
75,2024-06-17,2600.619140625,2558.510009765625,2024-11-14 23:48:50,2584.968505859375,2561.570068359375,-15.650634765625,3.06005859375
76,2024-06-18,2606.95556640625,2566.489990234375,2024-11-14 23:53:35,2579.69140625,2572.239990234375,-27.26416015625,5.75
77,2024-06-19,2543.01708984375,2554.2099609375,2024-11-14 23:58:23,2615.510986328125,2557.8701171875,72.493896484375,3.66015625
78,2024-06-20,2599.403076171875,2573.77001953125,2024-11-15 00:03:11,2615.76171875,2569.449951171875,16.358642578125,-4.320068359375
80,2024-06-24,2526.832275390625,2594.5400390625,2024-11-15 00:12:44,2583.367431640625,2584.830078125,56.53515625,-9.7099609375
81,2024-06-25,2609.343505859375,2561.570068359375,2024-11-15 00:17:37,2600.619140625,2554.1201171875,-8.724365234375,-7.449951171875
82,2024-06-26,2585.202392578125,2572.239990234375,2024-11-15 00:22:41,2606.95556640625,2565.27001953125,21.753173828125,-6.969970703125
83,2024-06-27,2589.07275390625,2557.8701171875,2024-11-15 00:27:27,2543.01708984375,2571.8701171875,-46.0556640625,14.0
84,2024-06-28,2575.883056640625,2569.449951171875,2024-11-15 00:32:11,2599.403076171875,2556.530029296875,23.52001953125,-12.919921875
85,2024-07-01,2614.8740234375,2584.830078125,2024-11-15 00:36:58,2526.832275390625,2564.300048828125,-88.041748046875,-20.530029296875
86,2024-07-02,2578.926025390625,2554.1201171875,2024-11-15 00:41:45,2609.343505859375,2534.219970703125,30.41748046875,-19.900146484375
87,2024-07-03,2583.05126953125,2565.27001953125,2024-11-15 00:46:33,2585.202392578125,2548.39990234375,2.151123046875,-16.8701171875
88,2024-07-04,2559.51171875,2571.8701171875,2024-11-15 00:51:23,2589.07275390625,2574.280029296875,29.56103515625,2.409912109375
89,2024-07-05,2566.0595703125,2556.530029296875,2024-11-15 00:56:09,2575.883056640625,2630.610107421875,9.823486328125,74.080078125
90,2024-07-08,2578.432861328125,2564.300048828125,2024-11-15 01:00:55,2614.8740234375,2605.2900390625,36.441162109375,40.989990234375
91,2024-07-09,2565.769775390625,2534.219970703125,2024-11-15 01:05:46,2578.926025390625,2613.580078125,13.15625,79.360107421875
92,2024-07-10,2556.35693359375,2548.39990234375,2024-11-15 01:10:32,2583.05126953125,2597.56005859375,26.6943359375,49.16015625
93,2024-07-11,2558.215576171875,2574.280029296875,2024-11-15 01:15:18,2559.51171875,2597.7900390625,1.296142578125,23.510009765625
94,2024-07-12,2538.34521484375,2630.610107421875,2024-11-15 01:20:05,2566.0595703125,2570.6298828125,27.71435546875,-59.980224609375
95,2024-07-15,2579.3134765625,2605.2900390625,2024-11-15 01:24:52,2578.432861328125,2593.429931640625,-0.880615234375,-11.860107421875
96,2024-07-16,2608.4873046875,2613.580078125,2024-11-15 01:29:40,2565.769775390625,2596.429931640625,-42.717529296875,-17.150146484375
97,2024-07-17,2623.40185546875,2597.56005859375,2024-11-15 01:34:33,2556.35693359375,2570.969970703125,-67.044921875,-26.590087890625
98,2024-07-18,2616.245361328125,2597.7900390625,2024-11-15 01:39:27,2558.215576171875,2562.3701171875,-58.02978515625,-35.419921875
99,2024-07-19,2623.421142578125,2570.6298828125,2024-11-15 01:44:13,2538.34521484375,2578.75,-85.075927734375,8.1201171875
100,2024-07-22,2583.846923828125,2593.429931640625,2024-11-15 01:49:01,2579.3134765625,2580.0,-4.533447265625,-13.429931640625
101,2024-07-23,2567.98974609375,2596.429931640625,2024-11-15 01:53:51,2608.4873046875,2595.25,40.49755859375,-1.179931640625
102,2024-07-24,2598.516845703125,2570.969970703125,2024-11-15 01:58:41,2623.40185546875,2609.330078125,24.885009765625,38.360107421875
103,2024-07-25,2579.439208984375,2562.3701171875,2024-11-15 02:03:30,2616.245361328125,2547.179931640625,36.80615234375,-15.190185546875
104,2024-07-26,2581.9794921875,2578.75,2024-11-15 02:08:18,2623.421142578125,2467.0,41.441650390625,-111.75
105,2024-07-29,2593.972412109375,2580.0,2024-11-15 02:13:05,2583.846923828125,2411.260009765625,-10.12548828125,-168.739990234375
106,2024-07-30,2605.306884765625,2595.25,2024-11-15 02:17:52,2567.98974609375,2402.9599609375,-37.317138671875,-192.2900390625
107,2024-07-31,2632.221923828125,2609.330078125,2024-11-15 02:22:38,2598.516845703125,2442.1298828125,-33.705078125,-167.2001953125
108,2024-08-01,2612.875,2547.179931640625,2024-11-15 02:27:24,2579.439208984375,2450.389892578125,-33.435791015625,-96.7900390625
109,2024-08-02,2587.83544921875,2467.0,2024-11-15 02:32:10,2581.9794921875,2458.590087890625,-5.85595703125,-8.409912109375
110,2024-08-05,2601.931396484375,2411.260009765625,2024-11-15 02:37:00,2593.972412109375,2460.89990234375,-7.958984375,49.639892578125
111,2024-08-06,2502.57666015625,2402.9599609375,2024-11-15 02:41:47,2605.306884765625,2472.9599609375,102.730224609375,70.0
112,2024-08-07,2496.70703125,2442.1298828125,2024-11-15 02:46:33,2632.221923828125,2494.18994140625,135.514892578125,52.06005859375
113,2024-08-08,2518.822998046875,2450.389892578125,2024-11-15 02:51:21,2612.875,2522.81005859375,94.052001953125,72.420166015625
114,2024-08-09,2521.367919921875,2458.590087890625,2024-11-15 02:56:12,2587.83544921875,2533.090087890625,66.467529296875,74.5
115,2024-08-12,2459.87353515625,2460.89990234375,2024-11-15 03:01:04,2601.931396484375,2540.830078125,142.057861328125,79.93017578125
116,2024-08-13,2454.025634765625,2472.9599609375,2024-11-15 03:05:59,2502.57666015625,2527.2900390625,48.551025390625,54.330078125
117,2024-08-14,2448.285400390625,2494.18994140625,2024-11-15 03:10:49,2496.70703125,2523.93994140625,48.421630859375,29.75
118,2024-08-15,2498.716796875,2522.81005859375,2024-11-15 03:15:39,2518.822998046875,2541.10009765625,20.106201171875,18.2900390625
119,2024-08-16,2570.724365234375,2533.090087890625,2024-11-15 03:20:30,2521.367919921875,2559.27001953125,-49.3564453125,26.179931640625
120,2024-08-19,2535.301513671875,2540.830078125,2024-11-15 03:25:20,2459.87353515625,2567.1201171875,-75.427978515625,26.2900390625
121,2024-08-20,2459.510986328125,2527.2900390625,2024-11-15 03:30:09,2454.025634765625,2556.75,-5.4853515625,29.4599609375
122,2024-08-21,2550.246826171875,2523.93994140625,2024-11-15 03:35:00,2448.285400390625,2562.5400390625,-101.96142578125,38.60009765625
123,2024-08-22,2527.11962890625,2541.10009765625,2024-11-15 03:39:48,2498.716796875,2587.89990234375,-28.40283203125,46.7998046875
124,2024-08-23,2577.22314453125,2559.27001953125,2024-11-15 03:44:39,2570.724365234375,2595.9599609375,-6.498779296875,36.68994140625
125,2024-08-26,2591.455322265625,2567.1201171875,2024-11-15 03:49:28,2535.301513671875,2589.97998046875,-56.15380859375,22.85986328125
126,2024-08-27,2565.15869140625,2556.75,2024-11-15 03:54:16,2459.510986328125,2565.780029296875,-105.647705078125,9.030029296875
127,2024-08-28,2520.652099609375,2562.5400390625,2024-11-15 03:59:05,2550.246826171875,2531.719970703125,29.5947265625,-30.820068359375
128,2024-08-29,2563.32177734375,2587.89990234375,2024-11-15 04:03:54,2527.11962890625,2509.300048828125,-36.2021484375,-78.599853515625
129,2024-08-30,2527.3076171875,2595.9599609375,2024-11-15 04:08:43,2577.22314453125,2480.989990234375,49.91552734375,-114.969970703125
130,2024-09-02,2593.943359375,2589.97998046875,2024-11-15 04:13:31,2591.455322265625,2511.43994140625,-2.488037109375,-78.5400390625
131,2024-09-03,2554.949951171875,2565.780029296875,2024-11-15 04:18:17,2565.15869140625,2495.760009765625,10.208740234375,-70.02001953125
132,2024-09-04,2591.195556640625,2531.719970703125,2024-11-15 04:23:05,2520.652099609375,2489.9599609375,-70.54345703125,-41.760009765625
133,2024-09-05,2386.375,2509.300048828125,2024-11-15 04:27:54,2563.32177734375,2510.5400390625,176.94677734375,1.239990234375
134,2024-09-06,2489.033447265625,2480.989990234375,2024-11-15 04:32:43,2527.3076171875,2525.179931640625,38.274169921875,44.18994140625
135,2024-09-09,2421.648193359375,2511.43994140625,2024-11-15 04:37:30,2593.943359375,2529.75,172.295166015625,18.31005859375
136,2024-09-10,2499.87158203125,2495.760009765625,2024-11-15 04:42:17,2554.949951171875,2555.89990234375,55.078369140625,60.139892578125
137,2024-09-11,2463.49462890625,2489.9599609375,2024-11-15 04:47:11,2591.195556640625,2544.25,127.700927734375,54.2900390625
138,2024-09-12,2477.669921875,2510.5400390625,2024-11-15 04:51:56,2386.375,2592.909912109375,-91.294921875,82.369873046875
139,2024-09-13,2475.90625,2525.179931640625,2024-11-15 04:56:47,2489.033447265625,2579.14990234375,13.127197265625,53.969970703125
140,2024-09-16,2498.105712890625,2529.75,2024-11-15 05:01:39,2421.648193359375,2583.85009765625,-76.45751953125,54.10009765625
141,2024-09-17,2512.559814453125,2555.89990234375,2024-11-15 05:06:27,2499.87158203125,2590.010009765625,-12.688232421875,34.110107421875
142,2024-09-18,2522.37109375,2544.25,2024-11-15 05:11:17,2463.49462890625,2610.909912109375,-58.87646484375,66.659912109375
143,2024-09-19,2486.97265625,2592.909912109375,2024-11-15 05:16:10,2477.669921875,2642.429931640625,-9.302734375,49.52001953125
144,2024-09-20,2478.43798828125,2579.14990234375,2024-11-15 05:20:58,2475.90625,2639.449951171875,-2.53173828125,60.300048828125
145,2024-09-23,2458.68359375,2583.85009765625,2024-11-15 05:25:51,2498.105712890625,2626.43994140625,39.422119140625,42.58984375
146,2024-09-24,2569.279541015625,2590.010009765625,2024-11-15 05:30:42,2512.559814453125,2611.340087890625,-56.7197265625,21.330078125
147,2024-09-25,2593.69091796875,2610.909912109375,2024-11-15 05:35:35,2522.37109375,2620.659912109375,-71.31982421875,9.75
148,2024-09-26,2564.59326171875,2642.429931640625,2024-11-15 05:40:21,2486.97265625,2594.5,-77.62060546875,-47.929931640625
149,2024-09-27,2485.42236328125,2639.449951171875,2024-11-15 05:45:15,2478.43798828125,2603.800048828125,-6.984375,-35.64990234375
150,2024-09-30,2601.240234375,2626.43994140625,2024-11-15 05:50:02,2458.68359375,2602.659912109375,-142.556640625,-23.780029296875
151,2024-10-01,2581.95947265625,2611.340087890625,2024-11-15 05:54:54,2569.279541015625,2587.889892578125,-12.679931640625,-23.4501953125
152,2024-10-02,2616.173828125,2620.659912109375,2024-11-15 05:59:44,2593.69091796875,2594.909912109375,-22.48291015625,-25.75
153,2024-10-03,2627.6767578125,2594.5,2024-11-15 06:04:29,2564.59326171875,2573.909912109375,-63.08349609375,-20.590087890625
154,2024-10-04,2558.885986328125,2603.800048828125,2024-11-15 06:09:15,2485.42236328125,2588.719970703125,-73.463623046875,-15.080078125
155,2024-10-07,2618.60205078125,2602.659912109375,2024-11-15 06:14:02,2601.240234375,2598.25,-17.36181640625,-4.409912109375
156,2024-10-08,2584.73681640625,2587.889892578125,2024-11-15 06:18:49,2581.95947265625,2577.070068359375,-2.77734375,-10.81982421875
157,2024-10-09,2564.480224609375,2594.909912109375,2024-11-15 06:23:39,2616.173828125,2580.090087890625,51.693603515625,-14.81982421875
158,2024-10-10,2575.030029296875,2573.909912109375,2024-11-15 06:28:27,2627.6767578125,2585.81005859375,52.646728515625,11.900146484375
159,2024-10-11,2585.753173828125,2588.719970703125,2024-11-15 06:33:16,2558.885986328125,2594.300048828125,-26.8671875,5.580078125
160,2024-10-14,2513.77587890625,2598.25,2024-11-15 06:38:05,2618.60205078125,2576.199951171875,104.826171875,-22.050048828125
161,2024-10-15,2592.577392578125,2577.070068359375,2024-11-15 06:42:50,2584.73681640625,2571.510009765625,-7.840576171875,-5.56005859375
162,2024-10-16,2586.881103515625,2580.090087890625,2024-11-15 06:47:38,2564.480224609375,2581.330078125,-22.40087890625,1.239990234375
163,2024-10-17,2582.63818359375,2585.81005859375,2024-11-15 06:52:26,2575.030029296875,2578.090087890625,-7.608154296875,-7.719970703125
164,2024-10-18,2589.67919921875,2594.300048828125,2024-11-15 06:57:16,2585.753173828125,2592.280029296875,-3.926025390625,-2.02001953125
165,2024-10-21,2608.50390625,2576.199951171875,2024-11-15 07:02:05,2513.77587890625,2624.090087890625,-94.72802734375,47.89013671875
166,2024-10-22,2572.53466796875,2571.510009765625,2024-11-15 07:06:53,2592.577392578125,2610.77001953125,20.042724609375,39.260009765625
167,2024-10-23,2588.010986328125,2581.330078125,2024-11-15 07:11:44,2586.881103515625,2578.3798828125,-1.1298828125,-2.9501953125
168,2024-10-24,2564.897705078125,2578.090087890625,2024-11-15 07:16:33,2582.63818359375,2542.409912109375,17.740478515625,-35.68017578125
169,2024-10-25,2594.21728515625,2592.280029296875,2024-11-15 07:21:17,2589.67919921875,2557.219970703125,-4.5380859375,-35.06005859375
170,2024-10-28,2583.213134765625,2624.090087890625,2024-11-15 07:26:10,2608.50390625,2571.97998046875,25.290771484375,-52.110107421875
171,2024-10-29,2604.602783203125,2610.77001953125,2024-11-15 07:31:01,2572.53466796875,2574.1298828125,-32.068115234375,-36.64013671875
172,2024-10-30,2603.1728515625,2578.3798828125,2024-11-15 07:35:44,2588.010986328125,2553.1298828125,-15.161865234375,-25.25
173,2024-10-31,2590.265625,2542.409912109375,2024-11-15 07:40:29,2564.897705078125,2584.719970703125,-25.367919921875,42.31005859375
174,2024-11-01,2555.362548828125,2557.219970703125,2024-11-15 07:45:14,2594.21728515625,2558.739990234375,38.854736328125,1.52001953125
175,2024-11-04,2578.40673828125,2571.97998046875,2024-11-15 07:50:02,2583.213134765625,2576.429931640625,4.806396484375,4.449951171875
176,2024-11-05,2571.433837890625,2574.1298828125,2024-11-15 07:54:46,2604.602783203125,2514.22998046875,33.1689453125,-59.89990234375
177,2024-11-06,2570.42333984375,2553.1298828125,2024-11-15 07:59:33,2603.1728515625,2512.56005859375,32.74951171875,-40.56982421875
178,2024-11-07,2586.5576171875,2584.719970703125,2024-11-15 08:04:21,2590.265625,2531.389892578125,3.7080078125,-53.330078125
179,2024-11-08,2578.51025390625,2558.739990234375,2024-11-15 08:09:05,2555.362548828125,2509.989990234375,-23.147705078125,-48.75
180,2024-11-11,2574.641357421875,2576.429931640625,2024-11-15 08:13:57,2578.40673828125,2506.912841796875,3.765380859375,-69.51708984375
181,2024-11-12,2597.5517578125,2514.22998046875,2024-11-15 08:18:55,2571.433837890625,2493.4755859375,-26.117919921875,-20.75439453125
182,2024-11-13,2569.85498046875,2512.56005859375,2024-11-15 08:23:45,2570.42333984375,2484.490234375,0.568359375,-28.06982421875
183,2024-11-14,2537.609375,2531.389892578125,2024-11-15 08:28:33,2586.5576171875,2496.31005859375,48.9482421875,-35.079833984375
184,2024-11-15,2563.84716796875,2509.989990234375,2024-11-17 23:18:13,2578.51025390625,2514.10009765625,14.6630859375,4.110107421875
185,2024-11-18,2537.53857421875,2506.912841796875,2024-11-18 23:18:05,2574.641357421875,2512.449951171875,37.102783203125,5.537109375
186,2024-11-19,2527.998779296875,2493.4755859375,2024-11-19 23:54:27,2597.5517578125,,69.552978515625,
188,2024-11-20,2528.026123046875,2484.490234375,2024-11-20 23:55:22,2569.85498046875,2497.67529296875,41.828857421875,13.18505859375
190,2024-11-21,2552.69775390625,2496.31005859375,2024-11-21 23:55:42,2537.609375,2508.923583984375,-15.08837890625,12.613525390625
192,2024-11-22,2522.219482421875,2514.10009765625,2024-11-24 23:18:15,2563.84716796875,2513.85009765625,41.627685546875,-0.25
193,2024-11-25,2534.61865234375,2512.449951171875,2024-11-26 23:55:14,2537.53857421875,2548.133056640625,2.919921875,35.68310546875
194,2024-11-26,2478.228271484375,,2024-11-27 00:00:00,2527.998779296875,2573.699951171875,49.7705078125,
195,2024-11-27,2535.066162109375,2497.67529296875,2024-11-27 23:55:52,2528.026123046875,2594.3798828125,-7.0400390625,96.70458984375
197,2024-11-28,2558.5458984375,2508.923583984375,2024-11-28 23:55:26,2552.69775390625,2606.080078125,-5.84814453125,97.156494140625
199,2024-11-29,2541.894775390625,2513.85009765625,2024-12-01 23:18:34,2522.219482421875,2614.27001953125,-19.67529296875,100.419921875
200,2024-12-02,2529.95947265625,2548.133056640625,2024-12-02 23:18:30,2534.61865234375,2617.800048828125,4.6591796875,69.6669921875
201,2024-12-03,2536.275146484375,2573.699951171875,2025-01-15 21:02:47,2478.228271484375,2595.489990234375,-58.046875,21.7900390625
202,2024-12-04,2578.057861328125,2594.3798828125,2025-01-15 21:07:14,2535.066162109375,2588.43994140625,-42.99169921875,-5.93994140625
203,2024-12-05,2600.8056640625,2606.080078125,2025-01-15 21:11:41,2558.5458984375,2573.97998046875,-42.259765625,-32.10009765625
204,2024-12-06,2584.60791015625,2614.27001953125,2025-01-15 21:16:09,2541.894775390625,2556.340087890625,-42.713134765625,-57.929931640625
205,2024-12-09,2585.109375,2617.800048828125,2025-01-15 21:20:36,2529.95947265625,2544.60009765625,-55.14990234375,-73.199951171875
206,2024-12-10,2558.069580078125,2595.489990234375,2025-01-15 21:25:05,2536.275146484375,2533.070068359375,-21.79443359375,-62.419921875
207,2024-12-11,2588.4775390625,2588.43994140625,2025-01-15 21:29:31,2578.057861328125,2537.6298828125,-10.419677734375,-50.81005859375
208,2024-12-12,2600.666748046875,2573.97998046875,2025-01-15 21:33:57,2600.8056640625,2481.10009765625,0.138916015625,-92.8798828125
209,2024-12-13,2571.5654296875,2556.340087890625,2025-01-15 21:38:24,2584.60791015625,2474.64990234375,13.04248046875,-81.690185546875
210,2024-12-16,2572.471923828125,2544.60009765625,2025-01-15 21:42:52,2585.109375,2469.8701171875,12.637451171875,-74.72998046875
211,2024-12-17,2573.998291015625,2533.070068359375,2025-01-15 21:47:19,2558.069580078125,2490.18994140625,-15.9287109375,-42.880126953125
212,2024-12-18,2550.262939453125,2537.6298828125,2025-01-15 21:51:46,2588.4775390625,2483.1201171875,38.214599609375,-54.509765625
213,2024-12-19,2509.581298828125,2481.10009765625,2025-01-15 21:56:13,2600.666748046875,2508.830078125,91.08544921875,27.72998046875
214,2024-12-20,2501.80078125,2474.64990234375,2025-01-15 22:00:39,2571.5654296875,2511.419921875,69.7646484375,36.77001953125
215,2024-12-23,2513.197021484375,2469.8701171875,2025-01-15 22:05:06,2572.471923828125,2543.14990234375,59.27490234375,73.27978515625
219,2024-12-27,2472.307373046875,2490.18994140625,2025-01-15 22:22:56,2573.998291015625,2541.2900390625,101.69091796875,51.10009765625
220,2024-12-30,2470.788330078125,2483.1201171875,2025-01-15 22:27:23,2550.262939453125,2549.580078125,79.474609375,66.4599609375
224,2025-01-02,2514.608642578125,2508.830078125,2025-01-16 00:28:51,2509.581298828125,2523.72998046875,-5.02734375,14.89990234375
225,2025-01-03,2518.592529296875,2511.419921875,2025-01-16 09:03:17,2501.80078125,2514.81005859375,-16.791748046875,3.39013671875
227,2025-01-07,2509.305419921875,2543.14990234375,2025-01-16 09:12:18,2513.197021484375,2521.219970703125,3.8916015625,-21.929931640625
228,2025-01-08,2540.473388671875,2541.2900390625,2025-01-16 09:16:47,2472.307373046875,2570.830078125,-68.166015625,29.5400390625
229,2025-01-09,2552.7783203125,2549.580078125,2025-01-16 09:21:15,2470.788330078125,2585.860107421875,-81.989990234375,36.280029296875
230,2025-01-10,2566.755126953125,2523.72998046875,2025-01-16 09:25:43,2514.608642578125,2617.409912109375,-52.146484375,93.679931640625
231,2025-01-13,2587.797119140625,2514.81005859375,2025-01-16 09:30:11,2518.592529296875,2616.684814453125,-69.20458984375,101.874755859375
232,2025-01-14,2578.486572265625,2521.219970703125,2025-01-16 23:51:00,2509.305419921875,2638.418212890625,-69.18115234375,117.1982421875
233,2025-01-15,2556.487548828125,2570.830078125,2025-01-16 23:55:25,2540.473388671875,2647.989990234375,-16.01416015625,77.159912109375
