Date,Prediction,Actual,Current_Time
2024-03-04,2407.52294921875,2455.360107421875,
2024-03-05,2294.62548828125,2449.0400390625,
2024-03-06,2392.79443359375,2460.81005859375,
2024-03-07,2468.448974609375,2471.570068359375,
2024-03-08,2466.23046875,2487.699951171875,
2024-03-11,2407.214599609375,2479.360107421875,
2024-03-12,2452.970947265625,2521.909912109375,
2024-03-13,2508.63720703125,2527.4599609375,
2024-03-14,2520.568115234375,2527.85009765625,
2024-03-15,2560.4443359375,2533.6201171875,
2024-03-18,2551.629150390625,2504.800048828125,
2024-03-19,2501.5625,2514.919921875,
2024-03-20,2551.952880859375,2510.43994140625,
2024-03-21,2498.553955078125,2550.5,
2024-03-22,2578.09423828125,2534.340087890625,
2024-03-25,2536.064697265625,2526.070068359375,
2024-03-26,2464.685546875,2547.969970703125,
2024-03-27,2574.248779296875,2537.3701171875,
2024-03-28,2520.8212890625,2518.27001953125,
2024-03-28,2562.057373046875,2518.27001953125,
2024-03-28,2512.430419921875,2518.27001953125,
2024-04-02,2552.73779296875,2508.64990234375,
2024-04-03,2532.505859375,2513.52001953125,
2024-04-04,2495.003173828125,2521.860107421875,
2024-04-05,2505.048095703125,2504.800048828125,
2024-04-08,2509.496826171875,2522.360107421875,
2024-04-09,2520.609130859375,2513.5,
2024-04-10,2509.9345703125,2519.050048828125,
2024-04-11,2459.48486328125,2499.699951171875,
2024-04-12,2434.1767578125,2506.989990234375,
2024-04-15,2490.20703125,2523.39990234375,
2024-04-16,2496.903076171875,2491.760009765625,
2024-04-17,2520.720703125,2505.27001953125,
2024-04-18,2513.853515625,2517.68994140625,
2024-04-19,2472.125,2502.070068359375,
2024-04-22,2490.013671875,2511.409912109375,
2024-04-23,2493.994140625,2546.330078125,
2024-04-24,2495.72802734375,2543.2099609375,
2024-04-25,2498.369384765625,2525.39990234375,
2024-04-26,2481.642578125,2557.699951171875,
2024-04-29,2515.117919921875,2566.81005859375,
2024-04-30,2492.0,2556.39990234375,
2024-04-30,2498.4208984375,2556.39990234375,
2024-05-02,2513.0205078125,2525.2099609375,
2024-05-03,2556.360595703125,2540.080078125,
2024-05-06,2531.16845703125,2563.7900390625,
2024-05-07,2562.934814453125,2593.169921875,
2024-05-08,2517.755126953125,2589.10009765625,
2024-05-08,2559.62646484375,2589.10009765625,
2024-05-10,2582.98486328125,2627.8701171875,
2024-05-13,2607.57763671875,2624.760009765625,
2024-05-14,2604.685546875,2632.85009765625,
2024-05-15,2622.369384765625,2627.52001953125,
2024-05-16,2640.951416015625,2608.820068359375,
2024-05-17,2633.21533203125,2602.199951171875,
2024-05-20,2600.583251953125,2632.169921875,
2024-05-21,2596.32666015625,2631.489990234375,
2024-05-22,2633.582275390625,2634.510009765625,
2024-05-23,2614.73095703125,2641.469970703125,
2024-05-24,2602.952880859375,2624.5,
2024-05-27,2582.92333984375,2630.300048828125,
2024-05-28,2602.3056640625,2616.2900390625,
2024-05-29,2663.0068359375,2583.5,
2024-05-30,2587.902587890625,2593.070068359375,
2024-05-31,2567.08447265625,2604.10009765625,
2024-06-03,2604.21240234375,2612.02001953125,
2024-06-04,2602.349609375,2587.699951171875,
2024-06-05,2593.237548828125,2609.719970703125,
2024-06-05,2606.024658203125,2609.719970703125,
2024-06-07,2601.818359375,2623.590087890625,
2024-06-10,2595.871826171875,2600.719970703125,
2024-06-11,2589.16650390625,2586.9599609375,
2024-06-12,2612.50830078125,2627.1201171875,
2024-06-13,2605.00634765625,2587.110107421875,
2024-06-14,2595.683837890625,2561.60009765625,
2024-06-17,2586.097412109375,2558.510009765625,
2024-06-18,2573.616455078125,2566.489990234375,
2024-06-19,2586.0068359375,2554.2099609375,
2024-06-20,2572.37109375,2573.77001953125,
2024-06-20,2615.63037109375,2573.77001953125,
2024-06-24,2595.321044921875,2594.5400390625,
2024-06-25,2604.780517578125,2561.570068359375,
2024-06-26,2544.357421875,2572.239990234375,
2024-06-27,2584.797119140625,2557.8701171875,
2024-06-28,2579.769287109375,2569.449951171875,
2024-07-01,2577.927001953125,2584.830078125,
2024-07-02,2588.089111328125,2554.1201171875,
2024-07-03,2568.577880859375,2565.27001953125,
2024-07-04,2573.838623046875,2571.8701171875,
2024-07-05,2551.154052734375,2556.530029296875,
2024-07-08,2558.539794921875,2564.300048828125,
2024-07-09,2577.14501953125,2534.219970703125,
2024-07-10,2559.661865234375,2548.39990234375,
2024-07-11,2559.3818359375,2574.280029296875,
2024-07-12,2564.83935546875,2630.610107421875,
2024-07-15,2582.168701171875,2605.2900390625,
2024-07-16,2597.8505859375,2613.580078125,
2024-07-17,2594.76904296875,2597.56005859375,
2024-07-18,2606.237060546875,2597.7900390625,
2024-07-19,2586.00048828125,2570.6298828125,
2024-07-22,2570.568359375,2593.429931640625,
2024-07-23,2610.895751953125,2596.429931640625,
2024-07-24,2604.02783203125,2570.969970703125,
2024-07-25,2589.59716796875,2562.3701171875,
2024-07-26,2594.262939453125,2578.75,
2024-07-29,2573.09912109375,2580.0,
2024-07-30,2576.639404296875,2595.25,
2024-07-31,2559.679931640625,2609.330078125,
2024-08-01,2581.43359375,2547.179931640625,
2024-08-02,2558.2705078125,2467.0,
2024-08-05,2522.039306640625,2411.260009765625,
2024-08-06,2429.766357421875,2402.9599609375,
2024-08-07,2382.68310546875,2442.1298828125,
2024-08-08,2519.017822265625,2450.389892578125,
2024-08-09,2445.912841796875,2458.590087890625,
2024-08-12,2390.285888671875,2460.89990234375,
2024-08-13,2358.35107421875,2472.9599609375,
2024-08-14,2432.306640625,2494.18994140625,
2024-08-15,2466.283935546875,2522.81005859375,
2024-08-16,2484.507568359375,2533.090087890625,
2024-08-19,2464.250732421875,2540.830078125,
2024-08-20,2556.046630859375,2527.2900390625,
2024-08-21,2572.332275390625,2523.93994140625,
2024-08-22,2514.162109375,2541.10009765625,
2024-08-23,2568.093994140625,2559.27001953125,
2024-08-26,2611.942626953125,2567.1201171875,
2024-08-27,2543.8251953125,2556.75,
2024-08-28,2491.531005859375,2562.5400390625,
2024-08-29,2578.82470703125,2587.89990234375,
2024-08-30,2581.737548828125,2595.9599609375,
2024-09-02,2673.676513671875,2589.97998046875,
2024-09-03,2657.04248046875,2565.780029296875,
2024-09-04,2553.100341796875,2531.719970703125,
2024-09-05,2557.707275390625,2509.300048828125,
2024-09-06,2508.720947265625,2480.989990234375,
2024-09-09,2519.4462890625,2511.43994140625,
2024-09-10,2487.4345703125,2495.760009765625,
2024-09-11,2535.3671875,2489.9599609375,
2024-09-12,2546.955810546875,2510.5400390625,
2024-09-13,2462.195556640625,2525.179931640625,
2024-09-16,2537.795654296875,2529.75,
2024-09-17,2471.997314453125,2555.89990234375,
2024-09-18,2533.53564453125,2544.25,
2024-09-19,2486.172607421875,2592.909912109375,
2024-09-20,2533.33740234375,2579.14990234375,
2024-09-23,2546.617431640625,2583.85009765625,
2024-09-24,2578.46337890625,2590.010009765625,
2024-09-25,2566.622802734375,2610.909912109375,
2024-09-26,2537.939453125,2642.429931640625,
2024-09-27,2570.997802734375,2639.449951171875,
2024-09-30,2603.438232421875,2626.43994140625,
2024-10-01,2589.74609375,2611.340087890625,
2024-10-02,2567.66259765625,2620.659912109375,
2024-10-03,2588.280517578125,2594.5,
2024-10-04,2620.83935546875,2603.800048828125,
2024-10-07,2538.675048828125,2602.659912109375,
2024-10-08,2607.383544921875,2587.889892578125,
2024-10-09,2564.206787109375,2594.909912109375,
2024-10-10,2593.7490234375,2573.909912109375,
2024-10-11,2588.240234375,2588.719970703125,
2024-10-14,2626.491455078125,2598.25,
2024-10-15,2613.796142578125,2577.070068359375,
2024-10-16,2614.12255859375,2580.090087890625,
2024-10-17,2635.11181640625,2585.81005859375,
2024-10-18,2584.291015625,2594.300048828125,
2024-10-21,2614.436767578125,2576.199951171875,
2024-10-22,2578.81689453125,2571.510009765625,
2024-10-23,2597.0625,2581.330078125,
2024-10-24,2599.6728515625,2578.090087890625,
2024-10-25,2580.70751953125,2592.280029296875,
2024-10-28,2588.777587890625,2624.090087890625,
2024-10-29,2577.842529296875,2610.77001953125,
2024-10-30,2611.901123046875,2578.3798828125,
2024-10-31,2603.953125,2542.409912109375,
2024-11-01,2545.099365234375,2557.219970703125,
2024-11-04,2606.508544921875,2571.97998046875,
2024-11-05,2575.429443359375,2574.1298828125,
2024-11-06,2563.3486328125,2553.1298828125,
2024-11-07,2556.8173828125,2584.719970703125,
2024-11-08,2550.4951171875,2558.739990234375,2024-11-10 22:38:27
2024-11-11,2576.93505859375,2576.42529296875,2024-11-11 22:38:27
2024-11-12,2563.223876953125,2514.230712890625,2024-11-12 22:38:41
2024-11-12,2556.853271484375,2514.230712890625,2024-11-12 22:41:02
2024-11-13,2545.60595703125,2512.5625,2024-11-13 22:34:36
2024-11-13,2505.643798828125,2512.5625,2024-11-13 22:38:28
2024-11-14,2501.800048828125,2531.38916015625,2024-11-14 22:38:32
2024-11-14,2531.805908203125,2531.38916015625,2024-11-14 22:41:00
2024-11-15,2516.012451171875,2509.989990234375,2024-11-17 22:38:30
2024-11-18,2548.415283203125,2506.912841796875,2024-11-18 22:38:33
2024-11-19,2496.096435546875,2493.4755859375,2024-11-19 22:38:28
2024-11-19,2527.829345703125,2493.4755859375,2024-11-19 22:40:49
2024-11-20,2533.49462890625,2484.490234375,2024-11-20 22:38:33
2024-11-20,2522.273193359375,2484.490234375,2024-11-20 22:40:53
2024-11-21,2501.220703125,2496.31005859375,2024-11-21 22:38:33
2024-11-21,2510.2314453125,2496.31005859375,2024-11-21 22:40:56
2024-11-22,2514.089111328125,2514.10009765625,2024-11-24 22:38:41
2024-11-25,2530.678466796875,2512.449951171875,2024-11-26 22:38:29
2024-11-26,2546.73779296875,2495.796142578125,2024-11-26 22:40:49
2024-11-27,2480.398193359375,2497.67529296875,2024-11-27 22:38:30
2024-11-27,2520.95654296875,2497.67529296875,2024-11-27 22:40:53
2024-11-28,2498.037109375,2508.923583984375,2024-11-28 22:38:30
2024-11-28,2510.63720703125,2508.923583984375,2024-11-28 22:40:51
2024-11-29,2533.92431640625,2513.85009765625,2024-12-01 22:38:42
2024-12-02,2540.677734375,2548.133056640625,2024-12-02 22:38:37
2024-12-03,2518.029052734375,2573.699951171875,2025-01-14 19:40:12
2024-12-04,2525.7900390625,2594.3798828125,2025-01-14 19:42:37
2024-12-05,2552.47412109375,2606.080078125,2025-01-14 19:45:03
2024-12-06,2587.5576171875,2614.27001953125,2025-01-14 19:47:27
2024-12-09,2596.072509765625,2617.800048828125,2025-01-14 19:49:51
2024-12-10,2636.0537109375,2595.489990234375,2025-01-14 19:52:15
2024-12-11,2626.4755859375,2588.43994140625,2025-01-14 19:54:41
2024-12-12,2613.28955078125,2573.97998046875,2025-01-14 19:56:30
2024-12-13,2556.05712890625,2556.340087890625,2025-01-14 19:58:47
2024-12-16,2563.218994140625,2544.60009765625,2025-01-14 20:01:06
2024-12-17,2530.919189453125,2533.070068359375,2025-01-14 20:03:27
2024-12-18,2502.954833984375,2537.6298828125,2025-01-14 22:38:27
2024-12-19,2513.5546875,2481.10009765625,2025-01-14 22:40:44
2024-12-20,2521.35888671875,2474.64990234375,2025-01-14 22:43:02
2024-12-23,2424.22021484375,2469.8701171875,2025-01-14 22:45:20
2024-12-23,2453.5810546875,2469.8701171875,2025-01-14 22:47:37
2024-12-23,2420.1181640625,2469.8701171875,2025-01-14 22:49:55
2024-12-23,2477.183837890625,2469.8701171875,2025-01-14 22:52:15
2024-12-27,2448.158935546875,2490.18994140625,2025-01-14 22:54:33
2024-12-30,2457.173583984375,2483.1201171875,2025-01-14 22:56:51
2024-12-30,2497.60693359375,2483.1201171875,2025-01-14 22:59:06
2024-12-30,2472.685791015625,2483.1201171875,2025-01-14 23:01:24
2025-01-02,2476.275634765625,2508.830078125,2025-01-14 23:03:41
2025-01-03,2495.03125,2511.419921875,2025-01-14 23:05:58
2025-01-03,2498.427490234375,2511.419921875,2025-01-14 23:08:17
2025-01-07,2521.849853515625,2543.14990234375,2025-01-14 23:10:38
2025-01-08,2597.046142578125,2541.2900390625,2025-01-14 23:12:58
2025-01-09,2536.02587890625,2549.580078125,2025-01-14 23:15:20
2025-01-10,2559.253662109375,2523.72998046875,2025-01-14 23:17:41
2025-01-13,2583.718505859375,2514.81005859375,2025-01-14 23:19:59
2025-01-14,2600.14208984375,2521.219482421875,2025-01-14 23:22:17
2025-01-15,2598.177734375,2570.83251953125,2025-01-15 22:38:30
2025-01-15,2594.186767578125,2570.83251953125,2025-01-15 22:40:55
2025-01-16,2590.737548828125,2585.860107421875,2025-01-16 22:38:26
2025-01-16,2583.87744140625,2585.860107421875,2025-01-16 22:40:41
2025-01-17,2543.92138671875,2617.409912109375,2025-01-19 22:38:31
2025-01-20,2559.2333984375,2616.684814453125,2025-01-20 22:38:33
2025-01-20,2594.480224609375,2616.684814453125,2025-01-20 22:57:30
2025-01-21,2599.046875,2638.418212890625,2025-01-21 22:38:27
2025-01-21,2525.97607421875,2638.418212890625,2025-01-21 22:40:45
